destination_id,city_id,hub_rank,access_distance_km,access_duration_minutes,matching_method
andaman-and-nicobar-islands--mayabunder,city-bhubaneswar,1,1121.08,2102,cross_state_geospatial
andaman-and-nicobar-islands--mayabunder,city-kolkata,2,1187.23,2226,cross_state_geospatial
andaman-and-nicobar-islands--mayabunder,city-howrah,3,1189.75,2231,cross_state_geospatial
andaman-and-nicobar-islands--rangat,city-bhubaneswar,1,1149.45,2155,cross_state_geospatial
andaman-and-nicobar-islands--rangat,city-kolkata,2,1218.07,2284,cross_state_geospatial
andaman-and-nicobar-islands--rangat,city-howrah,3,1220.57,2289,cross_state_geospatial
andaman-and-nicobar-islands--sri-vijaya-puram,city-bhubaneswar,1,1211.26,2271,cross_state_geospatial
andaman-and-nicobar-islands--sri-vijaya-puram,city-kolkata,2,1298.09,2434,cross_state_geospatial
andaman-and-nicobar-islands--sri-vijaya-puram,city-howrah,3,1300.43,2438,cross_state_geospatial
andhra-pradesh--amaravati,city-vijayawada,1,15.88,30,cross_state_geospatial
andhra-pradesh--amaravati,city-hyderabad,2,231.43,434,cross_state_geospatial
andhra-pradesh--amaravati,city-kadapa,3,288.78,541,cross_state_geospatial
andhra-pradesh--anantapur,city-bellary,1,88.67,166,cross_state_geospatial
andhra-pradesh--anantapur,city-kadapa,2,132.1,248,cross_state_geospatial
andhra-pradesh--anantapur,city-bengaluru,3,189.13,355,cross_state_geospatial
andhra-pradesh--chittoor,city-chennai,1,128.13,240,cross_state_geospatial
andhra-pradesh--chittoor,city-kadapa,2,143.96,270,cross_state_geospatial
andhra-pradesh--chittoor,city-bengaluru,3,165.48,310,cross_state_geospatial
andhra-pradesh--guntur,city-vijayawada,1,29.94,56,cross_state_geospatial
andhra-pradesh--guntur,city-hyderabad,2,241.11,452,cross_state_geospatial
andhra-pradesh--guntur,city-kadapa,3,268.08,503,cross_state_geospatial
andhra-pradesh--kakinada,city-vijayawada,1,176.57,331,cross_state_geospatial
andhra-pradesh--kakinada,city-hyderabad,2,400.43,751,cross_state_geospatial
andhra-pradesh--kakinada,city-kadapa,3,455.38,854,cross_state_geospatial
andhra-pradesh--kurnool,city-bellary,1,141.55,265,cross_state_geospatial
andhra-pradesh--kurnool,city-kadapa,2,170.84,320,cross_state_geospatial
andhra-pradesh--kurnool,city-hyderabad,3,176.22,330,cross_state_geospatial
andhra-pradesh--machilipatnam,city-vijayawada,1,67.48,127,cross_state_geospatial
andhra-pradesh--machilipatnam,city-kadapa,2,311.85,585,cross_state_geospatial
andhra-pradesh--machilipatnam,city-hyderabad,3,312.69,586,cross_state_geospatial
andhra-pradesh--nellore,city-kadapa,1,125.03,234,cross_state_geospatial
andhra-pradesh--nellore,city-chennai,2,153.41,288,cross_state_geospatial
andhra-pradesh--nellore,city-vijayawada,3,242.15,454,cross_state_geospatial
andhra-pradesh--rajahmundry,city-vijayawada,1,134.63,252,cross_state_geospatial
andhra-pradesh--rajahmundry,city-hyderabad,2,354.0,664,cross_state_geospatial
andhra-pradesh--rajahmundry,city-kadapa,3,422.77,793,cross_state_geospatial
andhra-pradesh--srikakulam,city-bhubaneswar,1,300.03,563,cross_state_geospatial
andhra-pradesh--srikakulam,city-vijayawada,2,400.83,752,cross_state_geospatial
andhra-pradesh--srikakulam,city-raipur,3,403.67,757,cross_state_geospatial
andhra-pradesh--tirupati,city-chennai,1,111.97,210,cross_state_geospatial
andhra-pradesh--tirupati,city-kadapa,2,113.34,213,cross_state_geospatial
andhra-pradesh--tirupati,city-bengaluru,3,211.47,397,cross_state_geospatial
andhra-pradesh--visakhapatnam,city-vijayawada,1,313.02,587,cross_state_geospatial
andhra-pradesh--visakhapatnam,city-bhubaneswar,2,393.13,737,cross_state_geospatial
andhra-pradesh--visakhapatnam,city-raipur,3,430.72,808,cross_state_geospatial
arunachal-pradesh--bomdila,city-guwahati,1,137.55,258,cross_state_geospatial
arunachal-pradesh--bomdila,city-daporijo,2,194.77,365,cross_state_geospatial
arunachal-pradesh--bomdila,city-dimapur,3,199.46,374,cross_state_geospatial
arunachal-pradesh--dirang,city-guwahati,1,139.18,261,cross_state_geospatial
arunachal-pradesh--dirang,city-daporijo,2,206.65,387,cross_state_geospatial
arunachal-pradesh--dirang,city-dimapur,3,218.02,409,cross_state_geospatial
arunachal-pradesh--itanagar,city-daporijo,1,115.01,216,cross_state_geospatial
arunachal-pradesh--itanagar,city-dimapur,2,132.6,249,cross_state_geospatial
arunachal-pradesh--itanagar,city-dibrugarh,3,134.86,253,cross_state_geospatial
arunachal-pradesh--mechuka,city-daporijo,1,68.79,129,cross_state_geospatial
arunachal-pradesh--mechuka,city-dibrugarh,2,146.9,275,cross_state_geospatial
arunachal-pradesh--mechuka,city-dimapur,3,301.35,565,cross_state_geospatial
arunachal-pradesh--tawang,city-guwahati,1,156.89,294,cross_state_geospatial
arunachal-pradesh--tawang,city-daporijo,2,236.14,443,cross_state_geospatial
arunachal-pradesh--tawang,city-dimapur,3,263.58,494,cross_state_geospatial
arunachal-pradesh--ziro,city-daporijo,1,57.55,108,cross_state_geospatial
arunachal-pradesh--ziro,city-dibrugarh,2,107.29,201,cross_state_geospatial
arunachal-pradesh--ziro,city-dimapur,3,187.33,351,cross_state_geospatial
assam--chirang,city-cooch-behar,1,105.21,197,cross_state_geospatial
assam--chirang,city-guwahati,2,131.83,247,cross_state_geospatial
assam--chirang,city-siliguri,3,206.31,387,cross_state_geospatial
assam--dibrugarh,city-dibrugarh,1,0.0,0,exact_or_alias
assam--guwahati,city-guwahati,1,0.0,0,exact_or_alias
assam--jorhat,city-dimapur,1,104.61,196,cross_state_geospatial
assam--jorhat,city-dibrugarh,2,106.58,200,cross_state_geospatial
assam--jorhat,city-daporijo,3,136.63,256,cross_state_geospatial
assam--majuli,city-dibrugarh,1,94.44,177,cross_state_geospatial
assam--majuli,city-daporijo,2,115.34,216,cross_state_geospatial
assam--majuli,city-dimapur,3,122.88,230,cross_state_geospatial
assam--sivasagar,city-dibrugarh,1,61.39,115,cross_state_geospatial
assam--sivasagar,city-daporijo,2,118.49,222,cross_state_geospatial
assam--sivasagar,city-dimapur,3,148.5,278,cross_state_geospatial
assam--tezpur,city-guwahati,1,114.51,215,cross_state_geospatial
assam--tezpur,city-dimapur,2,123.26,231,cross_state_geospatial
assam--tezpur,city-daporijo,3,207.57,389,cross_state_geospatial
assam--tinsukia,city-dibrugarh,1,43.64,82,cross_state_geospatial
assam--tinsukia,city-daporijo,2,124.92,234,cross_state_geospatial
assam--tinsukia,city-dimapur,3,237.89,446,cross_state_geospatial
assam--umrangso,city-dimapur,1,99.55,187,cross_state_geospatial
assam--umrangso,city-guwahati,2,126.66,237,cross_state_geospatial
assam--umrangso,city-aizawl,3,204.91,384,cross_state_geospatial
bihar--arrah,city-patna,1,47.45,89,cross_state_geospatial
bihar--arrah,city-aurangabad,2,95.46,179,cross_state_geospatial
bihar--arrah,city-varanasi,3,168.71,316,cross_state_geospatial
bihar--gaya,city-gaya,1,0.0,0,exact_or_alias
bihar--nalanda,city-patna,1,59.37,111,cross_state_geospatial
bihar--nalanda,city-aurangabad,2,126.56,237,cross_state_geospatial
bihar--nalanda,city-dhanbad,3,181.82,341,cross_state_geospatial
bihar--patna,city-patna,1,0.0,0,exact_or_alias
chandigarh--chandigarh,city-chandigarh,1,0.0,0,exact_or_alias
chhattisgarh--bilaspur,city-raipur,1,108.86,204,cross_state_geospatial
chhattisgarh--bilaspur,city-jabalpur,2,241.82,453,cross_state_geospatial
chhattisgarh--bilaspur,city-nagpur,3,323.18,606,cross_state_geospatial
chhattisgarh--jagdalpur,city-raipur,1,244.22,458,cross_state_geospatial
chhattisgarh--jagdalpur,city-vijayawada,2,321.71,603,cross_state_geospatial
chhattisgarh--jagdalpur,city-nagpur,3,385.39,723,cross_state_geospatial
chhattisgarh--raipur,city-raipur,1,0.0,0,exact_or_alias
chhattisgarh--rajnandgaon,city-raipur,1,64.11,120,cross_state_geospatial
chhattisgarh--rajnandgaon,city-nagpur,2,202.62,380,cross_state_geospatial
chhattisgarh--rajnandgaon,city-jabalpur,3,256.21,480,cross_state_geospatial
dadra-and-nagar-haveli-and-daman-and-diu--daman,city-vasai,1,105.35,198,cross_state_geospatial
dadra-and-nagar-haveli-and-daman-and-diu--daman,city-nashik,2,110.96,208,cross_state_geospatial
dadra-and-nagar-haveli-and-daman-and-diu--daman,city-kalyan,3,133.9,251,cross_state_geospatial
dadra-and-nagar-haveli-and-daman-and-diu--diu,city-diu,1,0.0,0,exact_or_alias
dadra-and-nagar-haveli-and-daman-and-diu--silvassa,city-nashik,1,86.94,163,cross_state_geospatial
dadra-and-nagar-haveli-and-daman-and-diu--silvassa,city-vasai,2,91.44,171,cross_state_geospatial
dadra-and-nagar-haveli-and-daman-and-diu--silvassa,city-kalyan,3,113.91,214,cross_state_geospatial
delhi--delhi,city-delhi,1,0.0,0,exact_or_alias
goa--goa,city-dabolim-vasco-da-gama,1,22.12,41,cross_state_geospatial
goa--goa,city-belagavi-belgaum,2,69.76,131,cross_state_geospatial
goa--goa,city-hubli,3,103.57,194,cross_state_geospatial
gujarat--ahmedabad,city-ahmedabad,1,0.0,0,exact_or_alias
gujarat--balasinor,city-vadodara,1,74.27,139,cross_state_geospatial
gujarat--balasinor,city-ahmedabad,2,77.81,146,cross_state_geospatial
gujarat--balasinor,city-bhavnagar,3,180.11,338,cross_state_geospatial
gujarat--bhuj,city-bhuj,1,0.0,0,exact_or_alias
gujarat--champaner,city-vadodara,1,40.35,76,cross_state_geospatial
gujarat--champaner,city-ahmedabad,2,114.85,215,cross_state_geospatial
gujarat--champaner,city-bhavnagar,3,164.17,308,cross_state_geospatial
gujarat--dwarka,city-bhuj,1,133.34,250,cross_state_geospatial
gujarat--dwarka,city-rajkot,2,186.51,350,cross_state_geospatial
gujarat--dwarka,city-bhavnagar,3,331.41,621,cross_state_geospatial
gujarat--gandhinagar,city-ahmedabad,1,23.48,44,cross_state_geospatial
gujarat--gandhinagar,city-vadodara,2,117.11,220,cross_state_geospatial
gujarat--gandhinagar,city-bhavnagar,3,169.72,318,cross_state_geospatial
gujarat--jamnagar,city-rajkot,1,80.45,151,cross_state_geospatial
gujarat--jamnagar,city-bhuj,2,116.23,218,cross_state_geospatial
gujarat--jamnagar,city-bhavnagar,3,227.28,426,cross_state_geospatial
gujarat--junagadh,city-rajkot,1,93.52,175,cross_state_geospatial
gujarat--junagadh,city-bhavnagar,2,177.24,332,cross_state_geospatial
gujarat--junagadh,city-bhuj,3,208.76,391,cross_state_geospatial
gujarat--kutch,city-bhuj,1,102.53,192,cross_state_geospatial
gujarat--kutch,city-rajkot,2,184.48,346,cross_state_geospatial
gujarat--kutch,city-ahmedabad,3,246.57,462,cross_state_geospatial
gujarat--porbandar,city-rajkot,1,141.54,265,cross_state_geospatial
gujarat--porbandar,city-bhuj,2,178.87,335,cross_state_geospatial
gujarat--porbandar,city-bhavnagar,3,262.62,492,cross_state_geospatial
gujarat--rajkot,city-rajkot,1,0.0,0,exact_or_alias
gujarat--surat,city-bhavnagar,1,95.66,179,cross_state_geospatial
gujarat--surat,city-vadodara,2,127.31,239,cross_state_geospatial
gujarat--surat,city-nashik,3,167.49,314,cross_state_geospatial
gujarat--vadnagar,city-ahmedabad,1,85.07,160,cross_state_geospatial
gujarat--vadnagar,city-vadodara,2,174.78,328,cross_state_geospatial
gujarat--vadnagar,city-bhavnagar,3,229.75,431,cross_state_geospatial
gujarat--vadodara,city-vadodara,1,0.0,0,exact_or_alias
haryana--faridabad,city-faridabad,1,0.0,0,exact_or_alias
haryana--gurugram,city-faridabad,1,26.66,50,cross_state_geospatial
haryana--gurugram,city-delhi,2,28.55,54,cross_state_geospatial
haryana--gurugram,city-meerut,3,86.98,163,cross_state_geospatial
haryana--hisar,city-hisar,1,0.0,0,exact_or_alias
haryana--kurukshetra,city-chandigarh,1,85.42,160,cross_state_geospatial
haryana--kurukshetra,city-dehradun,2,119.79,225,cross_state_geospatial
haryana--kurukshetra,city-meerut,3,137.81,258,cross_state_geospatial
haryana--panipat,city-delhi,1,83.87,157,cross_state_geospatial
haryana--panipat,city-meerut,2,84.88,159,cross_state_geospatial
haryana--panipat,city-faridabad,3,112.83,212,cross_state_geospatial
himachal-pradesh--chamba,city-dharamshala-kangra,1,43.77,82,cross_state_geospatial
himachal-pradesh--chamba,city-amritsar,2,156.31,293,cross_state_geospatial
himachal-pradesh--chamba,city-ludhiana,3,184.88,347,cross_state_geospatial
himachal-pradesh--dalhousie,city-dharamshala-kangra,1,48.9,92,cross_state_geospatial
himachal-pradesh--dalhousie,city-amritsar,2,144.51,271,cross_state_geospatial
himachal-pradesh--dalhousie,city-ludhiana,3,180.75,339,cross_state_geospatial
himachal-pradesh--dharamshala,city-dharamshala-kangra,1,1.96,4,cross_state_geospatial
himachal-pradesh--dharamshala,city-amritsar,2,150.97,283,cross_state_geospatial
himachal-pradesh--dharamshala,city-ludhiana,3,151.99,285,cross_state_geospatial
himachal-pradesh--kangra,city-dharamshala-kangra,1,2.14,4,cross_state_geospatial
himachal-pradesh--kangra,city-amritsar,2,150.87,283,cross_state_geospatial
himachal-pradesh--kangra,city-ludhiana,3,152.09,285,cross_state_geospatial
himachal-pradesh--kasauli,city-chandigarh,1,24.49,46,cross_state_geospatial
himachal-pradesh--kasauli,city-ludhiana,2,106.04,199,cross_state_geospatial
himachal-pradesh--kasauli,city-dehradun,3,121.05,227,cross_state_geospatial
himachal-pradesh--keylong,city-dharamshala-kangra,1,78.82,148,cross_state_geospatial
himachal-pradesh--keylong,city-chandigarh,2,205.36,385,cross_state_geospatial
himachal-pradesh--keylong,city-ludhiana,3,216.26,405,cross_state_geospatial
himachal-pradesh--kullu,city-dharamshala-kangra,1,79.02,148,cross_state_geospatial
himachal-pradesh--kullu,city-chandigarh,2,139.09,261,cross_state_geospatial
himachal-pradesh--kullu,city-ludhiana,3,167.07,313,cross_state_geospatial
himachal-pradesh--manali,city-dharamshala-kangra,1,81.73,153,cross_state_geospatial
himachal-pradesh--manali,city-chandigarh,2,171.98,322,cross_state_geospatial
himachal-pradesh--manali,city-ludhiana,3,195.43,366,cross_state_geospatial
himachal-pradesh--paonta-sahib,city-dehradun,1,41.89,79,cross_state_geospatial
himachal-pradesh--paonta-sahib,city-chandigarh,2,85.74,161,cross_state_geospatial
himachal-pradesh--paonta-sahib,city-meerut,3,163.67,307,cross_state_geospatial
himachal-pradesh--reckong-peo,city-dehradun,1,138.06,259,cross_state_geospatial
himachal-pradesh--reckong-peo,city-chandigarh,2,167.13,313,cross_state_geospatial
himachal-pradesh--reckong-peo,city-dharamshala-kangra,3,198.02,371,cross_state_geospatial
himachal-pradesh--shimla,city-chandigarh,1,54.83,103,cross_state_geospatial
himachal-pradesh--shimla,city-dehradun,2,119.73,224,cross_state_geospatial
himachal-pradesh--shimla,city-ludhiana,3,128.0,240,cross_state_geospatial
himachal-pradesh--spiti-valley,city-dharamshala-kangra,1,162.93,305,cross_state_geospatial
himachal-pradesh--spiti-valley,city-chandigarh,2,206.33,387,cross_state_geospatial
himachal-pradesh--spiti-valley,city-dehradun,3,214.5,402,cross_state_geospatial
jammu-and-kashmir--anantnag,city-srinagar,1,54.19,102,cross_state_geospatial
jammu-and-kashmir--anantnag,city-dharamshala-kangra,2,200.42,376,cross_state_geospatial
jammu-and-kashmir--anantnag,city-amritsar,3,237.78,446,cross_state_geospatial
jammu-and-kashmir--gulmarg,city-srinagar,1,39.11,73,cross_state_geospatial
jammu-and-kashmir--gulmarg,city-amritsar,2,273.09,512,cross_state_geospatial
jammu-and-kashmir--gulmarg,city-dharamshala-kangra,3,273.55,513,cross_state_geospatial
jammu-and-kashmir--jammu,city-amritsar,1,123.05,231,cross_state_geospatial
jammu-and-kashmir--jammu,city-dharamshala-kangra,2,150.31,282,cross_state_geospatial
jammu-and-kashmir--jammu,city-srinagar,3,151.03,283,cross_state_geospatial
jammu-and-kashmir--pahalgam,city-srinagar,1,47.99,90,cross_state_geospatial
jammu-and-kashmir--pahalgam,city-dharamshala-kangra,2,224.19,420,cross_state_geospatial
jammu-and-kashmir--pahalgam,city-amritsar,3,270.67,508,cross_state_geospatial
jammu-and-kashmir--patnitop,city-srinagar,1,121.27,227,cross_state_geospatial
jammu-and-kashmir--patnitop,city-dharamshala-kangra,2,136.1,255,cross_state_geospatial
jammu-and-kashmir--patnitop,city-amritsar,3,168.1,315,cross_state_geospatial
jammu-and-kashmir--srinagar,city-srinagar,1,0.0,0,exact_or_alias
jharkhand--deoghar,city-dhanbad,1,82.52,155,cross_state_geospatial
jharkhand--deoghar,city-ranchi,2,187.53,352,cross_state_geospatial
jharkhand--deoghar,city-patna,3,200.4,376,cross_state_geospatial
jharkhand--jamshedpur,city-ranchi,1,106.55,200,cross_state_geospatial
jharkhand--jamshedpur,city-dhanbad,2,112.93,212,cross_state_geospatial
jharkhand--jamshedpur,city-howrah,3,221.16,415,cross_state_geospatial
jharkhand--ranchi,city-ranchi,1,0.0,0,exact_or_alias
karnataka--badami,city-hubballi-hubli,1,84.36,158,cross_state_geospatial
karnataka--badami,city-hubli,2,88.4,166,cross_state_geospatial
karnataka--badami,city-belagavi-belgaum,3,125.54,235,cross_state_geospatial
karnataka--bagalkote,city-hubballi-hubli,1,109.36,205,cross_state_geospatial
karnataka--bagalkote,city-hubli,2,109.41,205,cross_state_geospatial
karnataka--bagalkote,city-belagavi-belgaum,3,132.85,249,cross_state_geospatial
karnataka--belagavi,city-belagavi-belgaum,1,4.48,8,cross_state_geospatial
karnataka--belagavi,city-hubli,2,65.52,123,cross_state_geospatial
karnataka--belagavi,city-hubballi-hubli,3,87.08,163,cross_state_geospatial
karnataka--bengaluru,city-bengaluru,1,0.0,0,exact_or_alias
karnataka--bidar,city-hyderabad,1,118.72,223,cross_state_geospatial
karnataka--bidar,city-solapur,2,257.96,484,cross_state_geospatial
karnataka--bidar,city-akola,3,289.27,542,cross_state_geospatial
karnataka--dharwad,city-hubli,1,0.25,0,cross_state_geospatial
karnataka--dharwad,city-hubballi-hubli,2,21.67,41,cross_state_geospatial
karnataka--dharwad,city-belagavi-belgaum,3,68.12,128,cross_state_geospatial
karnataka--gokarna,city-dabolim-vasco-da-gama,1,106.15,199,cross_state_geospatial
karnataka--gokarna,city-hubli,2,125.4,235,cross_state_geospatial
karnataka--gokarna,city-hubballi-hubli,3,127.14,238,cross_state_geospatial
karnataka--hampi,city-bellary,1,54.55,102,cross_state_geospatial
karnataka--hampi,city-hubballi-hubli,2,138.63,260,cross_state_geospatial
karnataka--hampi,city-hubli,3,156.53,293,cross_state_geospatial
karnataka--kalaburagi,city-hyderabad,1,174.6,327,cross_state_geospatial
karnataka--kalaburagi,city-solapur,2,177.27,332,cross_state_geospatial
karnataka--kalaburagi,city-bellary,3,242.66,455,cross_state_geospatial
karnataka--lakkundi,city-hubballi-hubli,1,59.08,111,cross_state_geospatial
karnataka--lakkundi,city-hubli,2,76.55,144,cross_state_geospatial
karnataka--lakkundi,city-bellary,3,133.03,249,cross_state_geospatial
karnataka--mangalore,city-mangaluru-mangalore,1,12.19,23,cross_state_geospatial
karnataka--mangalore,city-mysore,2,206.22,387,cross_state_geospatial
karnataka--mangalore,city-kozhikode-calicut,3,207.38,389,cross_state_geospatial
karnataka--mysuru,city-mysore,1,0.0,,cross_state_geospatial
karnataka--mysuru,city-bengaluru,2,126.18,237,cross_state_geospatial
karnataka--mysuru,city-coimbatore,3,149.29,280,cross_state_geospatial
karnataka--vijayapura,city-solapur,1,83.76,157,cross_state_geospatial
karnataka--vijayapura,city-belagavi-belgaum,2,168.99,317,cross_state_geospatial
karnataka--vijayapura,city-hubli,3,169.38,318,cross_state_geospatial
kerala--alappuzha,city-coimbatore,1,181.53,340,cross_state_geospatial
kerala--alappuzha,city-madurai,2,201.89,379,cross_state_geospatial
kerala--alappuzha,city-kozhikode-calicut,3,204.09,383,cross_state_geospatial
kerala--bekal,city-mangaluru-mangalore,1,68.65,129,cross_state_geospatial
kerala--bekal,city-kozhikode-calicut,2,151.45,284,cross_state_geospatial
kerala--bekal,city-mysore,3,176.28,331,cross_state_geospatial
kerala--kasargod,city-mangaluru-mangalore,1,56.65,106,cross_state_geospatial
kerala--kasargod,city-kozhikode-calicut,2,163.07,306,cross_state_geospatial
kerala--kasargod,city-mysore,3,180.78,339,cross_state_geospatial
kerala--kochi,city-kochi,1,0.0,0,exact_or_alias
kerala--kollam,city-madurai,1,208.06,390,cross_state_geospatial
kerala--kollam,city-coimbatore,2,247.94,465,cross_state_geospatial
kerala--kollam,city-kozhikode-calicut,3,286.47,537,cross_state_geospatial
kerala--kottayam,city-coimbatore,1,163.32,306,cross_state_geospatial
kerala--kottayam,city-madurai,2,177.77,333,cross_state_geospatial
kerala--kottayam,city-kozhikode-calicut,3,201.22,377,cross_state_geospatial
kerala--kovalam,city-chennai,1,32.93,62,cross_state_geospatial
kerala--kovalam,city-kadapa,2,244.27,458,cross_state_geospatial
kerala--kovalam,city-tiruchirappalli,3,276.18,518,cross_state_geospatial
kerala--kumarakom,city-coimbatore,1,166.85,313,cross_state_geospatial
kerala--kumarakom,city-madurai,2,188.59,354,cross_state_geospatial
kerala--kumarakom,city-kozhikode-calicut,3,196.96,369,cross_state_geospatial
kerala--munnar,city-coimbatore,1,101.92,191,cross_state_geospatial
kerala--munnar,city-madurai,2,117.56,220,cross_state_geospatial
kerala--munnar,city-kozhikode-calicut,3,190.3,357,cross_state_geospatial
kerala--palakkad,city-coimbatore,1,42.35,79,cross_state_geospatial
kerala--palakkad,city-kozhikode-calicut,2,108.92,204,cross_state_geospatial
kerala--palakkad,city-mysore,3,170.53,320,cross_state_geospatial
kerala--thiruvananthapuram,city-madurai,1,205.87,386,cross_state_geospatial
kerala--thiruvananthapuram,city-coimbatore,2,280.32,526,cross_state_geospatial
kerala--thiruvananthapuram,city-tiruchirappalli,3,324.06,608,cross_state_geospatial
kerala--thrissur,city-kozhikode-calicut,1,94.11,176,cross_state_geospatial
kerala--thrissur,city-coimbatore,2,97.17,182,cross_state_geospatial
kerala--thrissur,city-mysore,3,204.37,383,cross_state_geospatial
kerala--varkala,city-madurai,1,202.7,380,cross_state_geospatial
kerala--varkala,city-coimbatore,2,253.61,476,cross_state_geospatial
kerala--varkala,city-kozhikode-calicut,3,297.74,558,cross_state_geospatial
ladakh--kargil,city-srinagar,1,131.88,247,cross_state_geospatial
ladakh--kargil,city-dharamshala-kangra,2,263.22,494,cross_state_geospatial
ladakh--kargil,city-amritsar,3,346.19,649,cross_state_geospatial
ladakh--leh,city-dharamshala-kangra,1,248.26,465,cross_state_geospatial
ladakh--leh,city-srinagar,2,255.88,480,cross_state_geospatial
ladakh--leh,city-amritsar,3,378.79,710,cross_state_geospatial
lakshadweep--kavaratti,city-agatti-island-lakshadweep,1,58.26,109,cross_state_geospatial
lakshadweep--kavaratti,city-kozhikode-calicut,2,350.68,658,cross_state_geospatial
lakshadweep--kavaratti,city-mangaluru-mangalore,3,358.62,672,cross_state_geospatial
madhya-pradesh--anuppur,city-jabalpur,1,180.71,339,cross_state_geospatial
madhya-pradesh--anuppur,city-raipur,2,209.39,393,cross_state_geospatial
madhya-pradesh--anuppur,city-allahabad,3,259.53,487,cross_state_geospatial
madhya-pradesh--bhopal,city-bhopal,1,0.0,0,exact_or_alias
madhya-pradesh--gwalior,city-gwalior,1,0.0,0,exact_or_alias
madhya-pradesh--indore,city-indore,1,0.0,0,exact_or_alias
madhya-pradesh--khajuraho,city-khajuraho,1,0.0,0,exact_or_alias
madhya-pradesh--orchha,city-gwalior,1,106.5,200,cross_state_geospatial
madhya-pradesh--orchha,city-khajuraho,2,141.6,266,cross_state_geospatial
madhya-pradesh--orchha,city-guna,3,154.41,290,cross_state_geospatial
madhya-pradesh--sanchi,city-bhopal,1,41.69,78,cross_state_geospatial
madhya-pradesh--sanchi,city-guna,2,137.06,257,cross_state_geospatial
madhya-pradesh--sanchi,city-indore,3,210.51,395,cross_state_geospatial
madhya-pradesh--ujjain,city-indore,1,52.22,98,cross_state_geospatial
madhya-pradesh--ujjain,city-bhopal,2,167.7,314,cross_state_geospatial
madhya-pradesh--ujjain,city-guna,3,226.06,424,cross_state_geospatial
maharashtra--amravati,city-akola,1,77.25,145,cross_state_geospatial
maharashtra--amravati,city-nagpur,2,140.23,263,cross_state_geospatial
maharashtra--amravati,city-bhopal,3,260.25,488,cross_state_geospatial
maharashtra--chhatrapati-sambhaji-nagar,city-nashik,1,158.92,298,cross_state_geospatial
maharashtra--chhatrapati-sambhaji-nagar,city-akola,2,206.4,387,cross_state_geospatial
maharashtra--chhatrapati-sambhaji-nagar,city-pune,3,213.3,400,cross_state_geospatial
maharashtra--igatpuri,city-nashik,1,41.44,78,cross_state_geospatial
maharashtra--igatpuri,city-kalyan,2,65.63,123,cross_state_geospatial
maharashtra--igatpuri,city-vasai,3,83.66,157,cross_state_geospatial
maharashtra--jalgaon,city-pune,1,131.97,247,cross_state_geospatial
maharashtra--jalgaon,city-solapur,2,144.69,271,cross_state_geospatial
maharashtra--jalgaon,city-nashik,3,202.55,380,cross_state_geospatial
maharashtra--kolhapur,city-belagavi-belgaum,1,100.03,188,cross_state_geospatial
maharashtra--kolhapur,city-solapur,2,122.19,229,cross_state_geospatial
maharashtra--kolhapur,city-dabolim-vasco-da-gama,3,152.21,285,cross_state_geospatial
maharashtra--mahabaleshwar,city-pune,1,69.5,130,cross_state_geospatial
maharashtra--mahabaleshwar,city-navi-mumbai,2,140.57,264,cross_state_geospatial
maharashtra--mahabaleshwar,city-mumbai,3,152.12,285,cross_state_geospatial
maharashtra--mumbai,city-mumbai,1,0.0,0,exact_or_alias
maharashtra--nagpur,city-nagpur,1,0.0,0,exact_or_alias
maharashtra--nashik,city-nashik,1,0.0,0,exact_or_alias
maharashtra--pune,city-pune,1,0.0,0,exact_or_alias
maharashtra--satara,city-pune,1,92.58,174,cross_state_geospatial
maharashtra--satara,city-solapur,2,129.01,242,cross_state_geospatial
maharashtra--satara,city-navi-mumbai,3,181.07,340,cross_state_geospatial
manipur--imphal,city-dimapur,1,123.27,231,cross_state_geospatial
manipur--imphal,city-aizawl,2,173.86,326,cross_state_geospatial
manipur--imphal,city-guwahati,3,267.63,502,cross_state_geospatial
meghalaya--cherrapunjee,city-guwahati,1,100.27,188,cross_state_geospatial
meghalaya--cherrapunjee,city-agartala,2,167.29,314,cross_state_geospatial
meghalaya--cherrapunjee,city-aizawl,3,199.07,373,cross_state_geospatial
meghalaya--shillong,city-guwahati,1,68.62,129,cross_state_geospatial
meghalaya--shillong,city-dimapur,2,190.32,357,cross_state_geospatial
meghalaya--shillong,city-agartala,3,203.24,381,cross_state_geospatial
mizoram--aizawl,city-aizawl,1,0.0,0,exact_or_alias
mizoram--champhai,city-aizawl,1,68.39,128,cross_state_geospatial
mizoram--champhai,city-agartala,2,213.46,400,cross_state_geospatial
mizoram--champhai,city-dimapur,3,274.34,514,cross_state_geospatial
mizoram--lunglei,city-aizawl,1,91.66,172,cross_state_geospatial
mizoram--lunglei,city-agartala,2,183.78,345,cross_state_geospatial
mizoram--lunglei,city-diu,3,271.17,508,cross_state_geospatial
mizoram--serchhip,city-aizawl,1,49.55,93,cross_state_geospatial
mizoram--serchhip,city-agartala,2,170.01,319,cross_state_geospatial
mizoram--serchhip,city-diu,3,263.6,494,cross_state_geospatial
nagaland--dimapur,city-dimapur,1,0.0,0,exact_or_alias
nagaland--kohima,city-dimapur,1,46.67,88,cross_state_geospatial
nagaland--kohima,city-dibrugarh,2,216.11,405,cross_state_geospatial
nagaland--kohima,city-guwahati,3,243.72,457,cross_state_geospatial
nagaland--mokokchung,city-dimapur,1,89.48,168,cross_state_geospatial
nagaland--mokokchung,city-dibrugarh,2,134.72,253,cross_state_geospatial
nagaland--mokokchung,city-daporijo,3,187.91,352,cross_state_geospatial
odisha--bhubaneswar,city-bhubaneswar,1,0.0,0,exact_or_alias
odisha--cuttack,city-bhubaneswar,1,17.77,33,cross_state_geospatial
odisha--cuttack,city-ranchi,2,327.71,614,cross_state_geospatial
odisha--cuttack,city-howrah,3,347.03,651,cross_state_geospatial
odisha--koraput,city-raipur,1,292.56,549,cross_state_geospatial
odisha--koraput,city-vijayawada,2,337.69,633,cross_state_geospatial
odisha--koraput,city-bhubaneswar,3,366.02,686,cross_state_geospatial
odisha--mayurbhanj,city-howrah,1,178.66,335,cross_state_geospatial
odisha--mayurbhanj,city-kolkata,2,182.65,342,cross_state_geospatial
odisha--mayurbhanj,city-bhubaneswar,3,205.05,384,cross_state_geospatial
odisha--puri,city-bhubaneswar,1,54.2,102,cross_state_geospatial
odisha--puri,city-ranchi,2,397.76,746,cross_state_geospatial
odisha--puri,city-howrah,3,402.18,754,cross_state_geospatial
puducherry--puducherry,city-chennai,1,136.95,257,cross_state_geospatial
puducherry--puducherry,city-tiruchirappalli,2,174.39,327,cross_state_geospatial
puducherry--puducherry,city-bengaluru,3,269.61,506,cross_state_geospatial
punjab--amritsar,city-amritsar,1,0.0,0,exact_or_alias
punjab--fatehgarh-sahib,city-chandigarh,1,66.55,125,cross_state_geospatial
punjab--fatehgarh-sahib,city-ludhiana,2,69.16,130,cross_state_geospatial
punjab--fatehgarh-sahib,city-bathinda,3,125.29,235,cross_state_geospatial
punjab--jalandhar,city-ludhiana,1,53.87,101,cross_state_geospatial
punjab--jalandhar,city-amritsar,2,73.54,138,cross_state_geospatial
punjab--jalandhar,city-dharamshala-kangra,3,119.81,225,cross_state_geospatial
punjab--kapurthala,city-amritsar,1,55.44,104,cross_state_geospatial
punjab--kapurthala,city-ludhiana,2,68.51,128,cross_state_geospatial
punjab--kapurthala,city-dharamshala-kangra,3,126.94,238,cross_state_geospatial
punjab--ludhiana,city-ludhiana,1,0.0,0,exact_or_alias
punjab--pathankot,city-dharamshala-kangra,1,63.65,119,cross_state_geospatial
punjab--pathankot,city-amritsar,2,102.03,191,cross_state_geospatial
punjab--pathankot,city-ludhiana,3,152.46,286,cross_state_geospatial
punjab--patiala,city-chandigarh,1,24.0,45,cross_state_geospatial
punjab--patiala,city-ludhiana,2,84.07,158,cross_state_geospatial
punjab--patiala,city-dehradun,3,136.62,256,cross_state_geospatial
punjab--rupnagar,city-chandigarh,1,37.16,70,cross_state_geospatial
punjab--rupnagar,city-ludhiana,2,63.45,119,cross_state_geospatial
punjab--rupnagar,city-dharamshala-kangra,3,137.69,258,cross_state_geospatial
rajasthan--ajmer,city-jaipur,1,127.42,239,cross_state_geospatial
rajasthan--ajmer,city-jodhpur,2,161.66,303,cross_state_geospatial
rajasthan--ajmer,city-bikaner,3,216.3,406,cross_state_geospatial
rajasthan--alwar,city-jaipur,1,106.07,199,cross_state_geospatial
rajasthan--alwar,city-faridabad,2,116.56,219,cross_state_geospatial
rajasthan--alwar,city-delhi,3,136.12,255,cross_state_geospatial
rajasthan--bharatpur,city-agra,1,51.62,97,cross_state_geospatial
rajasthan--bharatpur,city-aligarh,2,94.72,178,cross_state_geospatial
rajasthan--bharatpur,city-gwalior,3,130.68,245,cross_state_geospatial
rajasthan--bikaner,city-bikaner,1,0.0,0,exact_or_alias
rajasthan--bundi,city-jaipur,1,164.79,309,cross_state_geospatial
rajasthan--bundi,city-guna,2,190.32,357,cross_state_geospatial
rajasthan--bundi,city-gwalior,3,267.88,502,cross_state_geospatial
rajasthan--chittorgarh,city-jodhpur,1,224.13,420,cross_state_geospatial
rajasthan--chittorgarh,city-jaipur,2,256.14,480,cross_state_geospatial
rajasthan--chittorgarh,city-indore,3,271.19,508,cross_state_geospatial
rajasthan--dholpur,city-agra,1,54.68,103,cross_state_geospatial
rajasthan--dholpur,city-gwalior,2,60.84,114,cross_state_geospatial
rajasthan--dholpur,city-aligarh,3,128.75,241,cross_state_geospatial
rajasthan--jaipur,city-jaipur,1,0.0,0,exact_or_alias
rajasthan--jaisalmer,city-jodhpur,1,220.99,414,cross_state_geospatial
rajasthan--jaisalmer,city-bikaner,2,266.6,500,cross_state_geospatial
rajasthan--jaisalmer,city-bhuj,3,426.6,800,cross_state_geospatial
rajasthan--jodhpur,city-jodhpur,1,0.0,0,exact_or_alias
rajasthan--mount-abu,city-ahmedabad,1,175.13,328,cross_state_geospatial
rajasthan--mount-abu,city-jodhpur,2,191.95,360,cross_state_geospatial
rajasthan--mount-abu,city-vadodara,3,259.8,487,cross_state_geospatial
rajasthan--udaipur,city-jodhpur,1,201.33,377,cross_state_geospatial
rajasthan--udaipur,city-ahmedabad,2,206.76,388,cross_state_geospatial
rajasthan--udaipur,city-vadodara,3,258.64,485,cross_state_geospatial
sikkim--gangtok,city-siliguri,1,70.66,132,cross_state_geospatial
sikkim--gangtok,city-cooch-behar,2,138.95,261,cross_state_geospatial
sikkim--gangtok,city-guwahati,3,336.04,630,cross_state_geospatial
sikkim--mangan,city-siliguri,1,89.29,167,cross_state_geospatial
sikkim--mangan,city-cooch-behar,2,160.81,302,cross_state_geospatial
sikkim--mangan,city-guwahati,3,352.01,660,cross_state_geospatial
sikkim--pelling,city-siliguri,1,67.09,126,cross_state_geospatial
sikkim--pelling,city-cooch-behar,2,162.41,305,cross_state_geospatial
sikkim--pelling,city-patna,3,360.61,676,cross_state_geospatial
tamil-nadu--chennai,city-chennai,1,0.0,0,exact_or_alias
tamil-nadu--coimbatore,city-coimbatore,1,0.0,0,exact_or_alias
tamil-nadu--kanchipuram,city-chennai,1,55.3,104,cross_state_geospatial
tamil-nadu--kanchipuram,city-kadapa,2,238.27,447,cross_state_geospatial
tamil-nadu--kanchipuram,city-tiruchirappalli,3,248.88,467,cross_state_geospatial
tamil-nadu--kanniyakumari,city-madurai,1,212.99,399,cross_state_geospatial
tamil-nadu--kanniyakumari,city-tiruchirappalli,2,329.37,618,cross_state_geospatial
tamil-nadu--kanniyakumari,city-coimbatore,3,329.7,618,cross_state_geospatial
tamil-nadu--madurai,city-madurai,1,0.0,0,exact_or_alias
tamil-nadu--mamallapuram,city-chennai,1,52.19,98,cross_state_geospatial
tamil-nadu--mamallapuram,city-kadapa,2,255.31,479,cross_state_geospatial
tamil-nadu--mamallapuram,city-tiruchirappalli,3,257.81,483,cross_state_geospatial
tamil-nadu--ooty,city-coimbatore,1,54.03,101,cross_state_geospatial
tamil-nadu--ooty,city-mysore,2,100.17,188,cross_state_geospatial
tamil-nadu--ooty,city-kozhikode-calicut,3,101.77,191,cross_state_geospatial
tamil-nadu--rameswaram,city-vijayawada,1,120.83,227,cross_state_geospatial
tamil-nadu--rameswaram,city-hyderabad,2,363.86,682,cross_state_geospatial
tamil-nadu--rameswaram,city-kadapa,3,379.93,712,cross_state_geospatial
tamil-nadu--thanjavur,city-tiruchirappalli,1,61.23,115,cross_state_geospatial
tamil-nadu--thanjavur,city-madurai,2,144.62,271,cross_state_geospatial
tamil-nadu--thanjavur,city-coimbatore,3,249.71,468,cross_state_geospatial
tamil-nadu--tiruchirappalli,city-tiruchirappalli,1,0.0,0,exact_or_alias
telangana--bhongir,city-hyderabad,1,47.04,88,cross_state_geospatial
telangana--bhongir,city-vijayawada,2,214.26,402,cross_state_geospatial
telangana--bhongir,city-bellary,3,335.34,629,cross_state_geospatial
telangana--hyderabad,city-hyderabad,1,0.0,0,exact_or_alias
telangana--karimnagar,city-hyderabad,1,138.28,259,cross_state_geospatial
telangana--karimnagar,city-vijayawada,2,265.07,497,cross_state_geospatial
telangana--karimnagar,city-nagpur,3,301.85,566,cross_state_geospatial
telangana--khammam,city-vijayawada,1,68.37,128,cross_state_geospatial
telangana--khammam,city-hyderabad,2,271.58,509,cross_state_geospatial
telangana--khammam,city-kadapa,3,366.17,687,cross_state_geospatial
telangana--warangal,city-hyderabad,1,126.81,238,cross_state_geospatial
telangana--warangal,city-vijayawada,2,198.66,372,cross_state_geospatial
telangana--warangal,city-nagpur,3,358.5,672,cross_state_geospatial
tripura--agartala,city-agartala,1,0.0,0,exact_or_alias
tripura--unakoti,city-agartala,1,88.67,166,cross_state_geospatial
tripura--unakoti,city-aizawl,2,90.23,169,cross_state_geospatial
tripura--unakoti,city-diu,3,177.0,332,cross_state_geospatial
uttar-pradesh--agra,city-agra,1,0.0,0,exact_or_alias
uttar-pradesh--ayodhya,city-gorakhpur,1,115.89,217,cross_state_geospatial
uttar-pradesh--ayodhya,city-lucknow,2,124.45,233,cross_state_geospatial
uttar-pradesh--ayodhya,city-prayagraj-allahabad,3,151.52,284,cross_state_geospatial
uttar-pradesh--bareilly,city-bareilly,1,0.0,0,exact_or_alias
uttar-pradesh--chitrakoot,city-allahabad,1,97.55,183,cross_state_geospatial
uttar-pradesh--chitrakoot,city-prayagraj,2,97.55,183,cross_state_geospatial
uttar-pradesh--chitrakoot,city-prayagraj-allahabad,3,98.26,184,cross_state_geospatial
uttar-pradesh--jhansi,city-gwalior,1,93.57,175,cross_state_geospatial
uttar-pradesh--jhansi,city-khajuraho,2,152.55,286,cross_state_geospatial
uttar-pradesh--jhansi,city-guna,3,154.33,289,cross_state_geospatial
uttar-pradesh--kanpur,city-kanpur,1,0.0,0,exact_or_alias
uttar-pradesh--lucknow,city-lucknow,1,0.0,0,exact_or_alias
uttar-pradesh--mathura,city-agra,1,48.76,91,cross_state_geospatial
uttar-pradesh--mathura,city-aligarh,2,61.6,115,cross_state_geospatial
uttar-pradesh--mathura,city-faridabad,3,109.13,205,cross_state_geospatial
uttar-pradesh--prayagraj,city-prayagraj,1,0.0,0,exact_or_alias
uttar-pradesh--varanasi,city-varanasi,1,0.0,0,exact_or_alias
uttarakhand--almora,city-moradabad,1,123.06,231,cross_state_geospatial
uttarakhand--almora,city-bareilly,2,139.13,261,cross_state_geospatial
uttarakhand--almora,city-dehradun,3,176.13,330,cross_state_geospatial
uttarakhand--badrinath,city-dehradun,1,148.22,278,cross_state_geospatial
uttarakhand--badrinath,city-moradabad,2,223.78,420,cross_state_geospatial
uttarakhand--badrinath,city-chandigarh,3,258.78,485,cross_state_geospatial
uttarakhand--bhimtal,city-moradabad,1,97.69,183,cross_state_geospatial
uttarakhand--bhimtal,city-bareilly,2,110.42,207,cross_state_geospatial
uttarakhand--bhimtal,city-dehradun,3,181.96,341,cross_state_geospatial
uttarakhand--chamoli,city-dehradun,1,125.33,235,cross_state_geospatial
uttarakhand--chamoli,city-moradabad,2,184.71,346,cross_state_geospatial
uttarakhand--chamoli,city-meerut,3,224.12,420,cross_state_geospatial
uttarakhand--dehradun,city-dehradun,1,0.0,0,exact_or_alias
uttarakhand--gangotri,city-dehradun,1,115.52,217,cross_state_geospatial
uttarakhand--gangotri,city-chandigarh,2,207.44,389,cross_state_geospatial
uttarakhand--gangotri,city-moradabad,3,240.68,451,cross_state_geospatial
uttarakhand--haridwar,city-dehradun,1,41.25,77,cross_state_geospatial
uttarakhand--haridwar,city-meerut,2,118.41,222,cross_state_geospatial
uttarakhand--haridwar,city-moradabad,3,136.27,256,cross_state_geospatial
uttarakhand--kausani,city-moradabad,1,139.81,262,cross_state_geospatial
uttarakhand--kausani,city-dehradun,2,160.42,301,cross_state_geospatial
uttarakhand--kausani,city-bareilly,3,165.48,310,cross_state_geospatial
uttarakhand--kedarnath,city-dehradun,1,109.6,205,cross_state_geospatial
uttarakhand--kedarnath,city-moradabad,2,212.68,399,cross_state_geospatial
uttarakhand--kedarnath,city-chandigarh,3,217.75,408,cross_state_geospatial
uttarakhand--lansdowne,city-dehradun,1,82.88,155,cross_state_geospatial
uttarakhand--lansdowne,city-moradabad,2,109.82,206,cross_state_geospatial
uttarakhand--lansdowne,city-meerut,3,133.52,250,cross_state_geospatial
uttarakhand--mussoorie,city-dehradun,1,16.06,30,cross_state_geospatial
uttarakhand--mussoorie,city-chandigarh,2,127.32,239,cross_state_geospatial
uttarakhand--mussoorie,city-meerut,3,168.01,315,cross_state_geospatial
uttarakhand--nainital,city-moradabad,1,92.04,173,cross_state_geospatial
uttarakhand--nainital,city-bareilly,2,113.03,212,cross_state_geospatial
uttarakhand--nainital,city-dehradun,3,172.22,323,cross_state_geospatial
uttarakhand--pithoragarh,city-bareilly,1,128.51,241,cross_state_geospatial
uttarakhand--pithoragarh,city-moradabad,2,138.14,259,cross_state_geospatial
uttarakhand--pithoragarh,city-dehradun,3,215.74,405,cross_state_geospatial
uttarakhand--rishikesh,city-dehradun,1,35.58,67,cross_state_geospatial
uttarakhand--rishikesh,city-meerut,2,137.14,257,cross_state_geospatial
uttarakhand--rishikesh,city-moradabad,3,145.78,273,cross_state_geospatial
west-bengal--darjeeling,city-siliguri,1,38.58,72,cross_state_geospatial
west-bengal--darjeeling,city-cooch-behar,2,142.2,267,cross_state_geospatial
west-bengal--darjeeling,city-patna,3,349.25,655,cross_state_geospatial
west-bengal--durgapur,city-dhanbad,1,94.48,177,cross_state_geospatial
west-bengal--durgapur,city-howrah,2,149.53,280,cross_state_geospatial
west-bengal--durgapur,city-kolkata,3,153.22,287,cross_state_geospatial
west-bengal--howrah,city-howrah,1,0.0,0,exact_or_alias
west-bengal--kalimpong,city-siliguri,1,38.13,71,cross_state_geospatial
west-bengal--kalimpong,city-cooch-behar,2,127.25,239,cross_state_geospatial
west-bengal--kalimpong,city-guwahati,3,340.41,638,cross_state_geospatial
west-bengal--kolkata,city-kolkata,1,0.0,0,exact_or_alias
west-bengal--siliguri,city-siliguri,1,0.0,0,exact_or_alias
